Gráficos Listagem;;;;;;;;;;;;;;;;;;;;;
Data e Hora;Temperatura Méd.;Temperatura Mín.;Temperatura Máx.;Chuva;Vento;Rajada;Direçăo do Vento;Direçăo do Vento (Graus);Umidade;Luminosidade;Radiaçăo;UV;Ponto de Orvalho;Pressăo;Temperatura do solo;Umidade do solo;Temperatura foliar;Umidade foliar;Latitude;Longitude;Estaçăo
22/05/2026 09:00;;;;;;;;null;;;0;;;930,06;;;;;-25,48738;-49,23925;1814 - Estaçăo Meteorológica
22/05/2026 10:00;15,2;14,8;16,1;0;5,19;24,2;S;164;64,25;62751,67;495;4,11;8,46;929,67;;;;;-26,24747;-49,34742;1814 - Estaçăo Meteorológica
22/05/2026 11:00;16,56;16;17,2;0;4,49;28,2;SE;128;59,5;77376,81;611;5,41;8,61;928,68;;;;;-26,24753;-49,34748;1814 - Estaçăo Meteorológica CEPLAN
22/05/2026 12:00;16,63;16,2;17,5;0;6,21;64,5;SE;138;60,8;75331;595;5,12;9,01;927,61;;;;;-26,24757;-49,34737;1814 - Estaçăo Meteorológica CEPLAN
22/05/2026 13:00;15,11;14,2;16;0;5,12;28,2;L;104;71,4;38599,96;304;2,04;9,91;927,48;;;;;-26,2476;-49,34738;1814 - Estaçăo Meteorológica CEPLAN
22/05/2026 14:00;13,29;12,9;13,9;0;4,08;40,3;SE;142;79,89;13712,34;108;0,07;9,87;926,88;;;;;-26,24753;-49,34731;1814 - Estaçăo Meteorológica CEPLAN
22/05/2026 15:00;12,74;11,5;13,4;0;3,53;121;SE;135;78,5;11669,71;92;0,14;9,06;927,44;;;;;-26,24752;-49,34747;1814 - Estaçăo Meteorológica CEPLAN
22/05/2026 16:00;11,8;11,3;12,5;0;3,67;28,2;S;159;85,73;3166,07;25;0;9,47;928,73;;;;;-26,24721;-49,34736;1814 - Estaçăo Meteorológica CEPLAN
22/05/2026 17:00;10,96;10,7;11,3;0;4,61;16,1;SE;126;90;321,81;2;0;9,4;928,73;;;;;-26,24756;-49,34764;1814 - Estaçăo Meteorológica CEPLAN
22/05/2026 18:00;10,68;10,6;10,8;0;3,23;20,2;SE;129;92,5;0;0;0;9,52;928,82;;;;;-26,248;-49,34852;1814 - Estaçăo Meteorológica CEPLAN
22/05/2026 19:00;10,66;10,6;10,7;0;2,72;16,1;L;107;92,62;0;0;0;9,52;929,07;;;;;-26,24742;-49,34752;1814 - Estaçăo Meteorológica CEPLAN
22/05/2026 20:00;10,56;10,5;10,7;0;2,27;8,1;L;107;93,5;0;0;0;9,56;928,92;;;;;-26,24747;-49,34741;1814 - Estaçăo Meteorológica CEPLAN
22/05/2026 21:00;10,63;10,5;10,7;0;0,58;4;SE;157;92,56;0;0;0;9,5;928,69;;;;;-26,24753;-49,34723;1814 - Estaçăo Meteorológica CEPLAN
22/05/2026 22:00;10,64;10,5;10,8;0;0,56;8,1;SE;117;92,3;0;0;0;9,46;928,63;;;;;-26,24744;-49,34729;1814 - Estaçăo Meteorológica CEPLAN
22/05/2026 23:00;10,7;10,5;10,9;0;1,27;8,1;SE;153;89,71;0;0;0;9,1;928,43;;;;;-26,24754;-49,34754;1814 - Estaçăo Meteorológica CEPLAN
23/05/2026 00:00;10,2;10,1;10,4;0;1,73;16,1;S;191;92,8;0;0;0;9,11;928,34;;;;;-26,24761;-49,34749;1814 - Estaçăo Meteorológica CEPLAN
23/05/2026 01:00;9,85;9,7;10;0;2,35;20,2;SE;113;95,45;0;0;0;9,15;928,12;;;;;-26,24761;-49,34749;1814 - Estaçăo Meteorológica CEPLAN
23/05/2026 02:00;9,45;7,4;9,7;0;1,02;12,1;SE;144;95,64;0;0;0;8,78;927,73;;;;;-26,24754;-49,34746;1814 - Estaçăo Meteorológica CEPLAN
23/05/2026 03:00;9,59;9,5;9,7;6,6;0,36;8,1;S;174;95,27;0;0;0;8,85;927,68;;;;;-26,2475;-49,34745;1814 - Estaçăo Meteorológica CEPLAN
23/05/2026 04:00;9,61;9,6;9,7;0,3;0,5;8,1;SE;137;95,88;0;0;0;8,99;927,52;;;;;-26,24772;-49,34772;1814 - Estaçăo Meteorológica CEPLAN
23/05/2026 05:00;9,69;9,5;10;0;0,77;8,1;L;84;96;0;0;0;9,09;926,97;;;;;-26,24772;-49,34772;1814 - Estaçăo Meteorológica CEPLAN
23/05/2026 06:00;10,2;10,1;10,3;0;0,81;4;O;273;95,6;63,41;0;0;9,52;927,34;;;;;-26,24742;-49,3474;1814 - Estaçăo Meteorológica CEPLAN
23/05/2026 07:00;10,39;10,2;10,8;0;1,25;4;O;264;95,8;2036,46;16;0;9,75;927,55;;;;;-26,24748;-49,34732;1814 - Estaçăo Meteorológica CEPLAN
23/05/2026 08:00;11,39;10,8;11,8;0;0,81;8,1;O;261;92,12;11163,25;88;0,01;10,16;927,7;;;;;-26,24752;-49,3473;1814 - Estaçăo Meteorológica CEPLAN
23/05/2026 09:00;12,6;11,9;13,4;0;1,25;4;O;255;90;14219,33;112;0,04;11;927,85;;;;;-26,24752;-49,3473;1814 - Estaçăo Meteorológica CEPLAN
23/05/2026 10:00;13,22;13;13,5;0;0,9;8,1;S;180;89,89;17664,69;139;0,26;11,62;927,77;;;;;-26,24766;-49,34743;1814 - Estaçăo Meteorológica CEPLAN
23/05/2026 11:00;14,58;14;15,2;0;1,66;12,1;SE;117;84,25;24556,91;194;0,94;11,92;927,11;;;;;-26,24752;-49,34727;1814 - Estaçăo Meteorológica CEPLAN
23/05/2026 12:00;14,01;13,6;14,6;0;3,1;16,1;S;181;87,4;27231,08;215;1,02;11,94;926,64;;;;;-26,24752;-49,34727;1814 - Estaçăo Meteorológica CEPLAN
23/05/2026 13:00;13,51;13,4;13,7;0;2,99;16,1;SE;151;87,9;16661,56;131;0,12;11,57;925,95;;;;;-26,24769;-49,34757;1814 - Estaçăo Meteorológica CEPLAN
23/05/2026 14:00;13,64;13,2;13,9;0;4,15;16,1;SE;146;88,57;15314;120;0,11;11,76;925,57;;;;;-26,24748;-49,34743;1814 - Estaçăo Meteorológica CEPLAN
23/05/2026 15:00;13,14;12,9;13,5;0;0,86;8,1;SE;116;89,5;9738,66;76;0;11,46;925,4;;;;;-26,24763;-49,34756;1814 - Estaçăo Meteorológica CEPLAN
23/05/2026 16:00;13,64;13,5;13,9;0;1,01;8,1;SE;143;89,38;4710,18;37;0;11,91;925,27;;;;;-26,24761;-49,34813;1814 - Estaçăo Meteorológica CEPLAN
23/05/2026 17:00;13,11;12,6;13,7;0;1,56;12,1;S;189;92,14;620,56;4;0;11,87;925,5;;;;;-26,24756;-49,34715;1814 - Estaçăo Meteorológica CEPLAN
23/05/2026 18:00;12,32;12,1;12,6;0;0,52;8,1;SE;137;93,1;0,1;0;0;11,24;925,73;;;;;-26,24744;-49,3474;1814 - Estaçăo Meteorológica CEPLAN
23/05/2026 19:00;12,22;12,1;12,3;0;0,4;4;L;94;94,1;0;0;0;11,33;925,77;;;;;-26,24737;-49,3474;1814 - Estaçăo Meteorológica CEPLAN
23/05/2026 20:00;12,36;12,3;12,5;0;0,62;4;L;98;94,55;0;0;0;11,52;925,83;;;;;-26,2475;-49,34735;1814 - Estaçăo Meteorológica CEPLAN
23/05/2026 21:00;12,52;12,4;12,6;0;0,5;4;L;107;95;0;0;0;11,72;925,81;;;;;-26,24765;-49,34743;1814 - Estaçăo Meteorológica CEPLAN
23/05/2026 22:00;12,61;12,5;12,7;0;0,58;4;SE;113;95;0;0;0;11,81;925,66;;;;;-26,24738;-49,34733;1814 - Estaçăo Meteorológica CEPLAN
23/05/2026 23:00;12,51;12,4;12,6;0;0,37;4;SE;113;95,92;0;0;0;11,89;925,48;;;;;-26,24738;-49,34733;1814 - Estaçăo Meteorológica CEPLAN
24/05/2026 00:00;12,81;12,6;12,9;0;0,51;4;SE;117;96;0;0;0;12,21;925,13;;;;;-26,24743;-49,34722;1814 - Estaçăo Meteorológica CEPLAN
24/05/2026 01:00;12,84;12,8;13;0;0,32;4;SE;117;96,6;0;0;0;12,3;924,95;;;;;-26,24757;-49,34754;1814 - Estaçăo Meteorológica CEPLAN
24/05/2026 02:00;13,04;13;13,1;0;0,36;4;SE;117;97;0;0;0;12,54;924,59;;;;;-26,24757;-49,34754;1814 - Estaçăo Meteorológica CEPLAN
24/05/2026 03:00;12,99;12,9;13,1;0;0,8;4;SE;117;96,88;0;0;0;12,48;924,04;;;;;-26,24746;-49,34729;1814 - Estaçăo Meteorológica CEPLAN
24/05/2026 04:00;12,94;12,9;13;0;0,4;4;SE;117;97;0;0;0;12,44;923,91;;;;;-26,24746;-49,34729;1814 - Estaçăo Meteorológica CEPLAN
24/05/2026 05:00;13;12,9;13,1;0;0,47;4;SE;117;97;0;0;0;12,5;924,06;;;;;-26,2476;-49,34731;1814 - Estaçăo Meteorológica CEPLAN
24/05/2026 06:00;13,17;13,1;13,2;0;0,4;4;SE;150;97;25,99;0;0;12,67;924,47;;;;;-26,24761;-49,3475;1814 - Estaçăo Meteorológica CEPLAN
24/05/2026 07:00;13,32;13,2;13,5;0;1,12;4;SE;152;96,56;2119,91;16;0;12,76;924,88;;;;;-26,24762;-49,34729;1814 - Estaçăo Meteorológica CEPLAN
24/05/2026 08:00;13,83;13,5;14,1;0;0,29;4;SE;153;96,57;4968,33;39;0;13,29;925,06;;;;;-26,2479;-49,34712;1814 - Estaçăo Meteorológica CEPLAN
24/05/2026 09:00;14,31;14,1;14,5;1,2;1,16;4;SE;153;95,38;8664,92;68;0;13,59;925,31;;;;;-26,24751;-49,34736;1814 - Estaçăo Meteorológica CEPLAN
24/05/2026 10:00;15,19;14,6;15,5;0;0,72;4;SE;156;92,33;10273,19;81;0,01;13,94;925,26;;;;;-26,24744;-49,34728;1814 - Estaçăo Meteorológica CEPLAN
24/05/2026 11:00;15,52;15,1;15,7;1,2;0,94;8,1;S;188;91,67;15878,18;125;0,12;14,15;924,73;;;;;-26,24748;-49,3475;1814 - Estaçăo Meteorológica CEPLAN
24/05/2026 12:00;15,89;15,7;16;3,9;1,29;8,1;SO;219;92,2;16177,55;127;0,32;14,62;924,29;;;;;-26,24757;-49,34736;1814 - Estaçăo Meteorológica CEPLAN
24/05/2026 13:00;16,04;15,8;16,6;2,7;1,71;8,1;SO;224;92,62;20777,89;164;0,68;14,84;923,96;;;;;-26,24761;-49,34722;1814 - Estaçăo Meteorológica CEPLAN
24/05/2026 14:00;16,01;15,6;16,4;2,1;0,63;12,1;SO;206;93,57;8544,66;67;0;14,99;923,69;;;;;-26,24761;-49,34721;1814 - Estaçăo Meteorológica CEPLAN
24/05/2026 15:00;15,01;14,3;16,5;2,1;2,02;32,3;S;173;95,42;7508,62;59;0,15;14,3;923,89;;;;;-26,24761;-49,34721;1814 - Estaçăo Meteorológica CEPLAN
24/05/2026 16:00;14,08;14;14,2;0,3;2,17;16,1;SE;128;95,88;4539,45;35;0;13,45;923,97;;;;;-26,24754;-49,34746;1814 - Estaçăo Meteorológica CEPLAN
24/05/2026 17:00;13,46;13,2;13,8;0;1,3;28,2;SE;129;93,56;948,33;7;0,06;12,44;924,36;;;;;-26,24794;-49,34807;1814 - Estaçăo Meteorológica CEPLAN
24/05/2026 18:00;13,37;13,3;13,4;0;1,34;8,1;SE;148;94,78;0,19;0;0;12,54;924,99;;;;;-26,24749;-49,34744;1814 - Estaçăo Meteorológica CEPLAN
24/05/2026 19:00;13,35;13,3;13,4;0;2,07;12,1;L;103;94,62;0;0;0;12,51;925,63;;;;;-26,24756;-49,34782;1814 - Estaçăo Meteorológica CEPLAN
24/05/2026 20:00;13,28;13,2;13,3;0;2,33;20,2;NE;55;94,56;0;0;0;12,43;926,25;;;;;-26,24756;-49,34761;1814 - Estaçăo Meteorológica CEPLAN
24/05/2026 21:00;13,11;13;13,2;0;2,55;20,2;L;103;93,89;0;0;0;12,19;926,55;;;;;-26,24748;-49,34755;1814 - Estaçăo Meteorológica CEPLAN
24/05/2026 22:00;12,91;12,9;13;0;2,11;16,1;SE;120;95,5;0;0;0;12,21;926,62;;;;;-26,24713;-49,34746;1814 - Estaçăo Meteorológica CEPLAN
24/05/2026 23:00;12,91;12,9;13;0;1,38;8,1;SE;116;96,29;0;0;0;12,34;926,52;;;;;-26,24713;-49,34746;1814 - Estaçăo Meteorológica CEPLAN
25/05/2026 00:00;12,8;12,7;12,9;0;0,99;16,1;L;89;96,89;0;0;0;12,29;926,25;;;;;-26,24756;-49,34763;1814 - Estaçăo Meteorológica CEPLAN
25/05/2026 01:00;12,84;12,7;12,9;0;0,56;12,1;SE;132;97,4;0;0;0;12,42;926,09;;;;;-26,24743;-49,34796;1814 - Estaçăo Meteorológica CEPLAN
25/05/2026 02:00;12,94;12,9;13;0;0,94;8,1;S;159;96,56;0;0;0;12,4;925,85;;;;;-26,24757;-49,34748;1814 - Estaçăo Meteorológica CEPLAN
25/05/2026 03:00;12,85;10,1;13,3;0;1,03;80,6;L;85;94,73;0;0;0,18;12,02;925,54;;;;;-26,24744;-49,34732;1814 - Estaçăo Meteorológica CEPLAN
25/05/2026 04:00;13,21;13,1;13,3;0;2,07;24,2;L;81;93,62;0;0;0;12,24;925,41;;;;;-26,24747;-49,34723;1814 - Estaçăo Meteorológica CEPLAN
25/05/2026 05:00;13,13;13,1;13,2;0;0,86;12,1;NE;64;94,43;0;0;0;12,27;925,55;;;;;-26,24744;-49,34721;1814 - Estaçăo Meteorológica CEPLAN
25/05/2026 06:00;13,1;13;13,2;0;1,13;20,2;NE;47;94,73;58,07;0;0;12,27;926,07;;;;;-26,24747;-49,34709;1814 - Estaçăo Meteorológica CEPLAN
25/05/2026 07:00;13,31;13,2;13,5;0;1,83;20,2;L;84;94,36;2756,82;21;0;12,45;926,54;;;;;-26,24772;-49,34767;1814 - Estaçăo Meteorológica CEPLAN
25/05/2026 08:00;13,97;13,6;14,5;0;1,7;12,1;L;75;92,11;14257,98;112;0,09;12,7;927,16;;;;;-26,24752;-49,34742;1814 - Estaçăo Meteorológica CEPLAN
25/05/2026 09:00;15,11;14,5;15,5;0;2,78;36,3;L;98;86,67;25156,32;198;0,91;12,89;927,48;;;;;-26,24728;-49,34753;1814 - Estaçăo Meteorológica CEPLAN
25/05/2026 10:00;15,5;15,2;15,7;0;5,3;24,2;L;89;86;28918,46;228;1,16;13,17;927,16;;;;;-26,24754;-49,34772;1814 - Estaçăo Meteorológica CEPLAN
25/05/2026 11:00;15,94;15,8;16,2;0;2,9;20,2;NE;42;85,1;22242,58;175;0,57;13,46;926,74;;;;;-26,2476;-49,34747;1814 - Estaçăo Meteorológica CEPLAN
25/05/2026 12:00;16,27;16;16,7;0;2,99;16,1;NE;63;86,14;18348,14;144;0,21;13,97;926,36;;;;;-26,2474;-49,34708;1814 - Estaçăo Meteorológica CEPLAN
25/05/2026 13:00;15,07;14,4;16,6;0;3,45;20,2;S;166;91,56;16525,39;130;0,09;13,68;925,64;;;;;-26,24765;-49,34748;1814 - Estaçăo Meteorológica CEPLAN
25/05/2026 14:00;14,36;13,9;14,5;0;2,53;16,1;S;176;94,64;12070,85;95;0,21;13,51;925,59;;;;;-26,24756;-49,3472;1814 - Estaçăo Meteorológica CEPLAN
25/05/2026 15:00;14,27;14,1;14,4;0;1,84;12,1;S;179;96,57;9507,21;75;0;13,73;925,8;;;;;-26,24741;-49,3474;1814 - Estaçăo Meteorológica CEPLAN
25/05/2026 16:00;14,38;14,3;14,5;0;0,54;12,1;S;159;96;4356,71;34;0,05;13,77;925,69;;;;;-26,24741;-49,34748;1814 - Estaçăo Meteorológica CEPLAN
25/05/2026 17:00;14,27;14,2;14,3;0;1,38;12,1;SE;141;96;527,33;4;0,07;13,61;925,63;;;;;-26,24756;-49,34742;1814 - Estaçăo Meteorológica CEPLAN
25/05/2026 18:00;14,2;14,2;14,2;0;2,25;8,1;S;177;97;0;0;0;13,7;925,91;;;;;-26,24752;-49,34737;1814 - Estaçăo Meteorológica CEPLAN
25/05/2026 19:00;14,28;14,2;14,4;0;1,21;8,1;SE;156;97;0;0;0;13,78;926,24;;;;;-26,24749;-49,34739;1814 - Estaçăo Meteorológica CEPLAN
25/05/2026 20:00;14,67;14,4;14,9;0;0,97;12,1;SE;150;94,8;0;0;0;13,82;926,45;;;;;-26,24743;-49,34743;1814 - Estaçăo Meteorológica CEPLAN
25/05/2026 21:00;14,24;14,1;14,5;0;0,95;8,1;SE;130;96,55;0;0;0;13,69;926,74;;;;;-26,24751;-49,34735;1814 - Estaçăo Meteorológica CEPLAN
25/05/2026 22:00;14,41;14,2;14,6;0;0,92;8,1;L;108;96,09;0;0;0;13,79;926,55;;;;;-26,24752;-49,34742;1814 - Estaçăo Meteorológica CEPLAN
25/05/2026 23:00;14,22;14,2;14,3;0;1,21;8,1;SE;122;96,83;0;0;0;13,7;926,55;;;;;-26,24765;-49,34741;1814 - Estaçăo Meteorológica CEPLAN
26/05/2026 00:00;14,36;14,2;14,7;0;1,37;12,1;SO;208;96,4;0;0;0;13,77;926,21;;;;;-26,24754;-49,34749;1814 - Estaçăo Meteorológica CEPLAN
26/05/2026 01:00;14,7;14,6;14,8;0;3,4;16,1;O;287;93;0;0;0;13,6;925,97;;;;;-26,24752;-49,34733;1814 - Estaçăo Meteorológica CEPLAN
26/05/2026 02:00;14,51;14,5;14,6;0;2,42;16,1;O;261;94;0;0;0;13,51;925,57;;;;;-26,24752;-49,34733;1814 - Estaçăo Meteorológica CEPLAN
26/05/2026 03:00;14,6;14,6;14,6;0;2,75;16,1;O;276;94,36;0;0;0;13,67;925,56;;;;;-26,24755;-49,34777;1814 - Estaçăo Meteorológica CEPLAN
26/05/2026 04:00;14,6;14,6;14,6;0;1,83;12,1;L;81;95;0;0;0;13,8;925,01;;;;;-26,2476;-49,3475;1814 - Estaçăo Meteorológica CEPLAN
26/05/2026 05:00;14,51;14,5;14,6;2,4;4,52;20,2;O;279;96;0;0;0;13,91;924,34;;;;;-26,2476;-49,34755;1814 - Estaçăo Meteorológica CEPLAN
26/05/2026 06:00;14,32;14,3;14,4;20,1;2,15;36,3;SE;155;96;0,9;0;0,27;13,68;925,25;;;;;-26,24763;-49,34751;1814 - Estaçăo Meteorológica CEPLAN
26/05/2026 07:00;14,31;12,9;14,8;24;4,13;36,3;SE;154;96,75;764,12;6;0,02;13,79;925,12;;;;;-26,24761;-49,34744;1814 - Estaçăo Meteorológica CEPLAN
26/05/2026 08:00;15,03;14,9;15,1;0;1,44;16,1;S;174;95,14;5302,57;41;0;14,26;925,31;;;;;-26,24758;-49,34713;1814 - Estaçăo Meteorológica CEPLAN
26/05/2026 09:00;14,81;14,7;15,8;0;2,97;28,2;SE;147;96,82;6284,19;49;0,35;14,31;925,62;;;;;-26,24743;-49,34715;1814 - Estaçăo Meteorológica CEPLAN
26/05/2026 10:00;14,83;14,7;14,9;11,4;1,38;44,4;SE;117;97,14;3002,83;23;0,14;14,37;926,04;;;;;-26,24745;-49,34735;1814 - Estaçăo Meteorológica CEPLAN
26/05/2026 11:00;15,2;14,8;16,1;16,2;9,39;44,4;SE;149;96,43;4954,5;39;0,03;14,64;925,07;;;;;-26,24762;-49,34752;1814 - Estaçăo Meteorológica CEPLAN
26/05/2026 12:00;15,66;15,6;15,9;4,5;1,37;16,1;S;179;95,7;4939,65;39;0;14,97;924,97;;;;;-26,24738;-49,34718;1814 - Estaçăo Meteorológica CEPLAN
26/05/2026 13:00;16,05;15,6;16,6;0,3;1,31;4;O;248;96;13723,34;108;0,22;15,41;924,16;;;;;-26,24786;-49,34756;1814 - Estaçăo Meteorológica CEPLAN
26/05/2026 14:00;17,02;15,7;17,5;0;1,34;32,3;S;194;93,67;17388,97;137;0,54;15,99;923,64;;;;;-26,24755;-49,34637;1814 - Estaçăo Meteorológica CEPLAN
26/05/2026 15:00;17,37;17,1;17,6;0;1,43;12,1;SO;211;92;13703,3;108;0,13;16,04;923,03;;;;;-26,24754;-49,3472;1814 - Estaçăo Meteorológica CEPLAN
26/05/2026 16:00;17,79;17,7;17,9;0;2,38;20,2;SE;128;89,7;11247,27;88;0,05;16,08;922,67;;;;;-26,24755;-49,34745;1814 - Estaçăo Meteorológica CEPLAN
26/05/2026 17:00;17,19;16,8;17,5;0;3,8;16,1;NO;298;91,71;1175,47;9;0;15,83;922,97;;;;;-26,24763;-49,3477;1814 - Estaçăo Meteorológica CEPLAN
26/05/2026 18:00;15,92;13,6;16,8;0;1,26;16,1;N;344;94,25;0,12;0;0,2;15,01;923,29;;;;;-26,24749;-49,34733;1814 - Estaçăo Meteorológica CEPLAN
26/05/2026 19:00;15,96;15,9;16;0;0,36;4;N;344;96;0;0;0;15,36;923,61;;;;;-26,24749;-49,34733;1814 - Estaçăo Meteorológica CEPLAN
26/05/2026 20:00;15,61;15,4;15,9;0;0,56;4;N;342;96,6;0;0;0;15,06;923,87;;;;;-26,24755;-49,34735;1814 - Estaçăo Meteorológica CEPLAN
26/05/2026 21:00;14,8;14,5;15,2;0;0,44;4;N;342;97,4;0;0;0;14,38;923,94;;;;;-26,24752;-49,34752;1814 - Estaçăo Meteorológica CEPLAN
26/05/2026 22:00;14,27;13,9;14,7;0;0,27;4;N;342;98;0;0;0;13,97;924,26;;;;;-26,24752;-49,34752;1814 - Estaçăo Meteorológica CEPLAN
26/05/2026 23:00;14,64;14,4;15,1;0;0;0;N;342;98;0;0;0;14,34;924,49;;;;;-26,24756;-49,3474;1814 - Estaçăo Meteorológica CEPLAN
27/05/2026 00:00;14,97;14,7;15,3;0;0;0;N;342;98;0;0;0;14,67;924,2;;;;;-26,24744;-49,34724;1814 - Estaçăo Meteorológica CEPLAN
27/05/2026 01:00;14,91;14,8;15;0;0,03;0;N;342;98;0;0;0;14,61;924;;;;;-26,24744;-49,34724;1814 - Estaçăo Meteorológica CEPLAN
27/05/2026 02:00;15,07;14,9;15,3;0;0,52;4;N;340;98,1;0;0;0;14,78;923,64;;;;;-26,24764;-49,3475;1814 - Estaçăo Meteorológica CEPLAN
27/05/2026 03:00;14,8;14,4;15;0;0,24;4;N;339;98,1;0;0;0;14,51;923,2;;;;;-26,24765;-49,34719;1814 - Estaçăo Meteorológica CEPLAN
27/05/2026 04:00;13,68;13;14,2;0;0,4;4;N;339;98,09;0;0;0;13,39;923,05;;;;;-26,24747;-49,34743;1814 - Estaçăo Meteorológica CEPLAN
27/05/2026 05:00;13,07;13;13,2;0;0,3;0;N;339;98,92;0;0;0;12,87;923,31;;;;;-26,24747;-49,34743;1814 - Estaçăo Meteorológica CEPLAN
27/05/2026 06:00;12,56;11,8;14,4;0;1,46;24,2;N;339;97,75;35,46;0;0,26;12,16;923,92;;;;;-26,24743;-49,34736;1814 - Estaçăo Meteorológica CEPLAN
27/05/2026 07:00;12,78;12;14;0;1,82;4;N;338;98,75;4777,72;37;0;12,55;924,66;;;;;-26,2475;-49,34737;1814 - Estaçăo Meteorológica CEPLAN
27/05/2026 08:00;15,01;14;15,8;0;4,7;68,5;SO;235;90,33;12583,08;99;0,2;13,41;925,01;;;;;-26,24753;-49,34725;1814 - Estaçăo Meteorológica CEPLAN
27/05/2026 09:00;16,23;14,9;17,2;0;4,32;60,5;SO;240;79,1;24299,33;191;0,94;12,57;925,4;;;;;-26,2477;-49,34745;1814 - Estaçăo Meteorológica CEPLAN
27/05/2026 10:00;18;17;18,7;0;4,61;20,2;SO;235;71,71;33774,3;266;1,6;12,8;925,3;;;;;-26,24742;-49,34736;1814 - Estaçăo Meteorológica CEPLAN
27/05/2026 11:00;18,77;18,4;19,2;0;5,59;24,2;SO;235;65,57;64661,4;510;4,33;12,19;924,88;;;;;-26,24767;-49,34734;1814 - Estaçăo Meteorológica CEPLAN
27/05/2026 12:00;18,93;18,5;19,8;0;3,45;28,2;SO;225;65,27;50302,69;397;3,05;12,25;924,32;;;;;-26,24738;-49,34744;1814 - Estaçăo Meteorológica CEPLAN
27/05/2026 13:00;20,54;19,9;21,2;0;4,59;24,2;S;179;57,75;77213,95;610;5,4;11,91;923,22;;;;;-26,24739;-49,34745;1814 - Estaçăo Meteorológica CEPLAN
27/05/2026 14:00;20,48;19,9;20,8;0;3,27;24,2;S;174;59;52932,96;418;3,24;12,16;922,46;;;;;-26,2475;-49,34736;1814 - Estaçăo Meteorológica CEPLAN
27/05/2026 15:00;19,93;19,4;20,3;0;3,49;20,2;SE;147;66,89;31973,86;252;1,47;13,58;922,62;;;;;-26,24722;-49,34709;1814 - Estaçăo Meteorológica CEPLAN
27/05/2026 16:00;18,1;17;19,3;0;2,82;24,2;S;175;72,89;8552,54;67;0,03;13,12;922,92;;;;;-26,24742;-49,34724;1814 - Estaçăo Meteorológica CEPLAN
27/05/2026 17:00;15,59;14,5;16,7;0;0,85;12,1;SE;147;84,33;1008;7;0;12,94;923,47;;;;;-26,24745;-49,34744;1814 - Estaçăo Meteorológica CEPLAN
27/05/2026 18:00;13,51;13,1;14;0;0,58;4;SE;148;90,89;0;0;0,07;12,04;923,88;;;;;-26,24812;-49,34796;1814 - Estaçăo Meteorológica CEPLAN
27/05/2026 19:00;12,85;12,7;13,1;0;0,8;8,1;S;174;94,18;0;0;0;11,95;924,54;;;;;-26,24699;-49,34799;1814 - Estaçăo Meteorológica CEPLAN
27/05/2026 20:00;11,94;11,2;12,5;0;0,81;4;S;186;95,2;0;0;0;11,18;925,22;;;;;-26,24746;-49,34713;1814 - Estaçăo Meteorológica CEPLAN
27/05/2026 21:00;11,02;10,6;11,2;0;0,89;8,1;SE;154;96;0;0;0;10,42;925,71;;;;;-26,24747;-49,34777;1814 - Estaçăo Meteorológica CEPLAN
27/05/2026 22:00;9,98;9,7;10,5;0;0,36;8,1;L;103;96,5;0;0;0;9,43;925,88;;;;;-26,24732;-49,34734;1814 - Estaçăo Meteorológica CEPLAN
27/05/2026 23:00;9,92;9,5;10,4;0;0,6;4;NE;67;97;0;0;0;9,42;925,94;;;;;-26,24742;-49,3473;1814 - Estaçăo Meteorológica CEPLAN
28/05/2026 00:00;10,8;10,2;11,2;0;0,72;8,1;SE;143;96,4;0;0;0;10,22;925,54;;;;;-26,24747;-49,34744;1814 - Estaçăo Meteorológica CEPLAN
28/05/2026 01:00;10,68;10,5;10,9;0;0,97;4;SO;210;95,7;0;0;0;10,02;925,5;;;;;-26,24766;-49,34741;1814 - Estaçăo Meteorológica CEPLAN
28/05/2026 02:00;9,94;9;10,7;0;0,4;4;SO;216;96,22;0;0;0;9,37;925,45;;;;;-26,24752;-49,34753;1814 - Estaçăo Meteorológica CEPLAN
28/05/2026 03:00;8,34;7,9;8,8;0;0,18;4;SO;216;97;0;0;0;7,93;925,09;;;;;-26,24736;-49,3474;1814 - Estaçăo Meteorológica CEPLAN
28/05/2026 04:00;7,35;6,6;7,7;0;1,13;8,1;SO;218;97,91;0;0;0;7,05;924,79;;;;;-26,2473;-49,34744;1814 - Estaçăo Meteorológica CEPLAN
28/05/2026 05:00;7,47;7,2;7,7;0;0,64;12,1;SO;232;98;0;0;0;7,17;925,1;;;;;-26,24743;-49,34738;1814 - Estaçăo Meteorológica CEPLAN
28/05/2026 06:00;6,74;4,8;7,4;0;0,6;4;SO;233;98;50,05;0;0;6,44;925,62;;;;;-26,24758;-49,34736;1814 - Estaçăo Meteorológica CEPLAN
28/05/2026 07:00;6,24;5,8;7,1;0;0,56;4;SO;234;98;3129,47;24;0;5,94;925,89;;;;;-26,24744;-49,34753;1814 - Estaçăo Meteorológica CEPLAN
28/05/2026 08:00;8,4;7,4;9,3;0;2,49;12,1;O;252;98;12176,27;96;0,07;8,1;926,28;;;;;-26,24751;-49,34747;1814 - Estaçăo Meteorológica CEPLAN
28/05/2026 09:00;11,52;10,6;12,6;0;2,05;12,1;O;265;90;22325,61;176;0,58;9,92;926,5;;;;;-26,2477;-49,34769;1814 - Estaçăo Meteorológica CEPLAN
28/05/2026 10:00;13,64;12,1;14,4;0;1,81;20,2;S;201;82,88;40215,95;317;2,21;10,76;926,48;;;;;-26,2476;-49,34734;1814 - Estaçăo Meteorológica CEPLAN
28/05/2026 11:00;15,48;14,6;16,2;0;2,33;12,1;SE;153;76,33;41746,54;329;2,3;11,34;925,97;;;;;-26,24754;-49,34753;1814 - Estaçăo Meteorológica CEPLAN
28/05/2026 12:00;17,47;16,3;18,3;0;7,58;32,3;L;83;63,4;79333,99;626;5,59;10,43;924,99;;;;;-26,24748;-49,34744;1814 - Estaçăo Meteorológica CEPLAN
28/05/2026 13:00;18,7;17,9;19,4;0;3,94;16,1;L;73;55,89;70428,06;556;4,79;9,7;923,95;;;;;-26,24755;-49,34698;1814 - Estaçăo Meteorológica CEPLAN
28/05/2026 14:00;19,03;18,3;19,9;0;6,59;20,2;SO;209;64,33;57140,3;451;3,6;12,08;923,27;;;;;-26,24759;-49,34741;1814 - Estaçăo Meteorológica CEPLAN
28/05/2026 15:00;18,01;17,3;18,8;0;4,84;24,2;S;161;70,44;31763,97;250;1,42;12,53;923,1;;;;;-26,24753;-49,34736;1814 - Estaçăo Meteorológica CEPLAN
28/05/2026 16:00;15,98;15,2;16,9;0;4,27;116,9;S;183;79,5;8899,21;70;0,08;12,39;923,27;;;;;-26,24754;-49,34756;1814 - Estaçăo Meteorológica CEPLAN
28/05/2026 17:00;14,04;13,4;15;0;1,85;24,2;S;168;88,3;1091,58;8;0,23;12,14;923,92;;;;;-26,24745;-49,34736;1814 - Estaçăo Meteorológica CEPLAN
28/05/2026 18:00;12,71;12,2;13,3;0;0,55;8,1;SE;148;93;0,06;0;0;11,6;924,46;;;;;-26,24762;-49,34737;1814 - Estaçăo Meteorológica CEPLAN
28/05/2026 19:00;11,77;11,7;11,9;0;0,6;8,1;SE;150;94,8;0;0;0;10,96;924,93;;;;;-26,24735;-49,34731;1814 - Estaçăo Meteorológica CEPLAN
28/05/2026 20:00;11,62;11,4;11,7;0;0,33;8,1;SE;137;95,83;0;0;0;10,98;925,43;;;;;-26,24764;-49,34738;1814 - Estaçăo Meteorológica CEPLAN
28/05/2026 21:00;12,24;12;12,5;0;1,28;8,1;L;68;94,92;0;0;0;11,45;925,76;;;;;-26,24729;-49,34718;1814 - Estaçăo Meteorológica CEPLAN
28/05/2026 22:00;12,44;12,4;12,5;0;1,29;8,1;NE;31;93,1;0;0;0;11,36;925,7;;;;;-26,24753;-49,34746;1814 - Estaçăo Meteorológica CEPLAN
28/05/2026 23:00;12,26;11,9;12,4;0;3,73;16,1;L;89;92,5;0;0;0;11,06;925,78;;;;;-26,24753;-49,34746;1814 - Estaçăo Meteorológica CEPLAN
29/05/2026 00:00;11,98;11,9;12,1;0;3,76;16,1;L;76;93,33;0;0;0;10,95;925,74;;;;;-26,2474;-49,34744;1814 - Estaçăo Meteorológica CEPLAN
29/05/2026 01:00;12,02;12;12,1;0;2,01;36,3;L;96;92,3;0;0;0,21;10,8;925,47;;;;;-26,24746;-49,34732;1814 - Estaçăo Meteorológica CEPLAN
29/05/2026 02:00;12,01;11,8;12,1;0;4,26;16,1;S;164;93,29;0;0;0;10,97;925,24;;;;;-26,24748;-49,34753;1814 - Estaçăo Meteorológica CEPLAN
29/05/2026 03:00;11,81;11,8;11,9;0;0,67;8,1;L;73;93,89;0;0;0;10,89;925,04;;;;;-26,24731;-49,34733;1814 - Estaçăo Meteorológica CEPLAN
29/05/2026 04:00;11,89;11,8;12;0;0,62;4;L;74;93,91;0;0;0;10,97;924,9;;;;;-26,24758;-49,34746;1814 - Estaçăo Meteorológica CEPLAN
29/05/2026 05:00;12,09;11,9;12,2;0;0,64;4;L;78;93;0;0;0;10,99;925,15;;;;;-26,2477;-49,34728;1814 - Estaçăo Meteorológica CEPLAN
29/05/2026 06:00;11,98;10,3;12,2;0;12,06;4;L;81;92,67;37,95;0;0,19;10,84;925,49;;;;;-26,24737;-49,34748;1814 - Estaçăo Meteorológica CEPLAN
29/05/2026 07:00;12,16;12,1;12,4;0;0,35;0;L;81;93,75;1458,48;11;0;11,21;925,81;;;;;-26,24738;-49,34744;1814 - Estaçăo Meteorológica CEPLAN
29/05/2026 08:00;12,91;12,4;13,5;0;0,81;4;L;84;90,6;9032,36;71;0,02;11,4;926,19;;;;;-26,24761;-49,34732;1814 - Estaçăo Meteorológica CEPLAN
29/05/2026 09:00;15,65;13,4;16,7;0;4,97;20,2;SE;145;73,33;41484,7;327;2,35;10,85;926,54;;;;;-26,24762;-49,3473;1814 - Estaçăo Meteorológica CEPLAN
29/05/2026 10:00;15,47;15,1;16;0;3,67;40,3;NE;48;72,56;26006,08;205;0,96;10,54;926,64;;;;;-26,24763;-49,34738;1814 - Estaçăo Meteorológica CEPLAN
29/05/2026 11:00;15,34;15,1;15,6;0;3,81;16,1;SE;117;79,11;25733,26;203;0,89;11,77;926,3;;;;;-26,24762;-49,34732;1814 - Estaçăo Meteorológica CEPLAN
29/05/2026 12:00;15,38;15,1;15,7;0;1,01;8,1;SE;122;78;36877,98;291;1,92;11,58;925,74;;;;;-26,24729;-49,34724;1814 - Estaçăo Meteorológica CEPLAN
29/05/2026 13:00;15,84;15,6;16,4;0;2,69;20,2;L;72;72,5;25373,42;200;0,86;10,92;924,95;;;;;-26,2475;-49,34742;1814 - Estaçăo Meteorológica CEPLAN
29/05/2026 14:00;15,19;14,7;15,8;0;2,77;20,2;SE;132;80,75;18938,05;149;0,26;11,89;924,62;;;;;-26,2475;-49,34741;1814 - Estaçăo Meteorológica CEPLAN
29/05/2026 15:00;14,69;14,5;14,8;0;3,19;20,2;L;112;85;15879,15;125;0,07;12,19;924,32;;;;;-26,24747;-49,34735;1814 - Estaçăo Meteorológica CEPLAN
29/05/2026 16:00;14,32;13,9;14,6;0;1,65;16,1;L;82;84;7516,66;59;0;11,62;924,36;;;;;-26,24745;-49,34727;1814 - Estaçăo Meteorológica CEPLAN
29/05/2026 17:00;13,6;13,3;13,9;0;1,56;12,1;L;110;85,25;933,38;7;0;11,15;924,7;;;;;-26,24751;-49,3476;1814 - Estaçăo Meteorológica CEPLAN
29/05/2026 18:00;13,14;13;13,2;0;1,88;8,1;L;75;87,33;0,22;0;0;11,1;925,14;;;;;-26,24725;-49,34733;1814 - Estaçăo Meteorológica CEPLAN
29/05/2026 19:00;12,73;12,4;13;0;0,63;8,1;NE;65;90,44;0;0;0;11,2;925,77;;;;;-26,24757;-49,34755;1814 - Estaçăo Meteorológica CEPLAN
29/05/2026 20:00;11,02;-1,7;12,6;0,3;1,61;16,1;L;82;86,75;0;0;1,32;8,88;925,8;;;;;-26,24783;-49,34732;1814 - Estaçăo Meteorológica CEPLAN
29/05/2026 21:00;12,55;12,5;12,7;0;0,55;8,1;L;107;89,82;0;0;0;10,92;925,88;;;;;-26,24753;-49,34738;1814 - Estaçăo Meteorológica CEPLAN
29/05/2026 22:00;12,32;12;12,5;0;0,58;4;SE;146;91,33;0;0;0;10,96;925,8;;;;;-26,24725;-49,34727;1814 - Estaçăo Meteorológica CEPLAN
29/05/2026 23:00;11,95;11,8;12,1;0;0,47;4;SE;127;93;0;0;0;10,85;925,85;;;;;-26,24725;-49,34727;1814 - Estaçăo Meteorológica CEPLAN
30/05/2026 00:00;11,3;10,6;11,8;0;0,55;4;L;109;94,45;0;0;0;10,45;925,63;;;;;-26,2476;-49,34746;1814 - Estaçăo Meteorológica CEPLAN
30/05/2026 01:00;10,13;9,9;10,5;0;0,47;4;L;109;96,27;0;0;0;9,55;925,54;;;;;-26,24746;-49,34742;1814 - Estaçăo Meteorológica CEPLAN
30/05/2026 02:00;10,19;10;10,5;0;0,44;4;SE;131;97,09;0;0;0;9,71;925,09;;;;;-26,24746;-49,34742;1814 - Estaçăo Meteorológica CEPLAN
30/05/2026 03:00;10,55;10,4;10,7;0;0,4;4;SO;237;97;0;0;0;10,05;924,78;;;;;-26,24743;-49,34732;1814 - Estaçăo Meteorológica CEPLAN
30/05/2026 04:00;10,87;10,6;11,1;1,2;0,7;4;SO;236;96,75;0;0;0;10,34;925,02;;;;;-26,24743;-49,34732;1814 - Estaçăo Meteorológica CEPLAN
30/05/2026 05:00;10,9;10,9;10,9;0,3;0,44;4;SO;236;97;0;0;0;10,4;925,21;;;;;-26,24751;-49,34737;1814 - Estaçăo Meteorológica CEPLAN
30/05/2026 06:00;11;10,9;11,2;0;0,58;8,1;SO;222;97;13,48;0;0;10,5;925,72;;;;;-26,24739;-49,34691;1814 - Estaçăo Meteorológica CEPLAN
30/05/2026 07:00;11,44;11,2;11,6;0,3;0,35;4;S;167;97;2740,7;21;0;10,94;926,29;;;;;-26,24742;-49,34743;1814 - Estaçăo Meteorológica CEPLAN
30/05/2026 08:00;12,02;11,6;12,7;0;1,8;12,1;O;255;95,73;11369,77;89;0,11;11,35;925,98;;;;;-26,24736;-49,34712;1814 - Estaçăo Meteorológica CEPLAN
30/05/2026 09:00;13,19;12,9;13,6;0;7,39;16,1;S;196;90,89;21715,78;171;0,52;11,72;925,66;;;;;-26,24736;-49,34712;1814 - Estaçăo Meteorológica CEPLAN
30/05/2026 10:00;14,17;13,8;15,2;0,3;4,44;12,1;O;263;87,29;29220,01;230;1,2;12,07;926,26;;;;;-26,24761;-49,3473;1814 - Estaçăo Meteorológica CEPLAN
30/05/2026 11:00;16,08;15,2;17,1;0;7,13;24,2;L;106;80,15;39422,98;311;2,07;12,63;925,47;;;;;-26,24754;-49,3474;1814 - Estaçăo Meteorológica CEPLAN
30/05/2026 12:00;17,55;17;18,3;0;3,47;24,2;SE;140;73,1;45256,34;357;2,59;12,65;924,4;;;;;-26,2474;-49,34745;1814 - Estaçăo Meteorológica CEPLAN
30/05/2026 13:00;17,6;15,4;18,1;0;5,8;100,8;SO;218;69,62;46515,35;367;2,81;11,96;923,88;;;;;-26,24756;-49,34731;1814 - Estaçăo Meteorológica CEPLAN
30/05/2026 14:00;18,31;15,6;19,2;0;4,56;24,2;SO;235;66,5;41843,63;330;2,49;11,95;923,43;;;;;-26,24774;-49,34755;1814 - Estaçăo Meteorológica CEPLAN
30/05/2026 15:00;18,78;17,5;19,2;0;5,51;24,2;SO;235;64,08;31962,93;252;1,56;11,82;923,27;;;;;-26,24723;-49,34748;1814 - Estaçăo Meteorológica CEPLAN
30/05/2026 16:00;15,47;15,2;16,4;0;2,2;20,2;S;180;88;6140,2;48;0;13,49;923,88;;;;;-26,24738;-49,3474;1814 - Estaçăo Meteorológica CEPLAN
30/05/2026 17:00;14,57;14,3;14,9;0;1,77;12,1;SE;136;91,5;1080,81;8;0;13,19;924,33;;;;;-26,24746;-49,34679;1814 - Estaçăo Meteorológica CEPLAN
30/05/2026 18:00;14,27;14,1;14,4;0;1,41;16,1;SE;130;93;0;0;0;13,17;924,69;;;;;-26,2477;-49,3475;1814 - Estaçăo Meteorológica CEPLAN
30/05/2026 19:00;13,44;10,8;14,1;0;2,24;52,4;L;89;91,82;0;0;0,44;12,15;925,06;;;;;-26,24743;-49,3475;1814 - Estaçăo Meteorológica CEPLAN
30/05/2026 20:00;13,4;13,2;13,7;0;0,51;4;NE;46;94,45;0;0;0;12,54;925,44;;;;;-26,24751;-49,34744;1814 - Estaçăo Meteorológica CEPLAN
30/05/2026 21:00;13,08;12,6;13,3;0;0,47;4;NE;48;95,08;0;0;0;12,29;925,67;;;;;-26,24751;-49,34744;1814 - Estaçăo Meteorológica CEPLAN
30/05/2026 22:00;11,73;11,1;12,4;0;0,18;4;NE;48;95,78;0;0;0;11,09;925,7;;;;;-26,24751;-49,34739;1814 - Estaçăo Meteorológica CEPLAN
30/05/2026 23:00;10,22;9,6;10,9;0;0,28;4;NE;48;96,92;0;0;0;9,72;925,58;;;;;-26,24747;-49,34733;1814 - Estaçăo Meteorológica CEPLAN
31/05/2026 00:00;9,22;8,8;9,5;0;0,28;0;NE;48;97;0;0;0;8,72;925,39;;;;;-26,2478;-49,34755;1814 - Estaçăo Meteorológica CEPLAN
31/05/2026 01:00;9,37;8,8;9,7;0;0,22;0;NE;48;97,82;0;0;0;9,04;925,12;;;;;-26,2477;-49,34753;1814 - Estaçăo Meteorológica CEPLAN
31/05/2026 02:00;9,73;9,6;10,2;0;0,4;4;NE;63;98;0;0;0;9,43;924,74;;;;;-26,2477;-49,34753;1814 - Estaçăo Meteorológica CEPLAN
31/05/2026 03:00;9,9;9,8;10;0;3,27;12,1;N;342;98;0;0;0;9,6;924,62;;;;;-26,24749;-49,34744;1814 - Estaçăo Meteorológica CEPLAN
31/05/2026 04:00;10,19;10;10,4;0;1,29;8,1;NO;334;98;0;0;0;9,89;924,46;;;;;-26,24745;-49,34717;1814 - Estaçăo Meteorológica CEPLAN
31/05/2026 05:00;10,54;9,6;10,8;0;2,56;12,1;N;338;98;0;0;0;10,24;924,62;;;;;-26,2474;-49,34714;1814 - Estaçăo Meteorológica CEPLAN
31/05/2026 06:00;10,96;10,8;11;0;1,83;16,1;N;338;98;76,87;0;0;10,66;925,05;;;;;-26,24761;-49,34731;1814 - Estaçăo Meteorológica CEPLAN
31/05/2026 07:00;11,2;11,1;11,4;0;3,83;12,1;O;259;98,38;2995,54;23;0;10,94;925,34;;;;;-26,24762;-49,3476;1814 - Estaçăo Meteorológica CEPLAN
31/05/2026 08:00;11,51;11,2;11,9;0;5,34;16,1;O;290;99;10851,45;85;0;11,31;925,7;;;;;-26,24745;-49,34724;1814 - Estaçăo Meteorológica CEPLAN
31/05/2026 09:00;12,04;10,5;12,6;0;2,35;24,2;S;169;98,09;20466,76;161;0,56;11,7;926,05;;;;;-26,24742;-49,34751;1814 - Estaçăo Meteorológica CEPLAN
31/05/2026 10:00;14,25;12,9;16,1;0;2,58;16,1;O;249;94,3;40180,98;317;2,17;13,29;925,7;;;;;-26,24769;-49,34752;1814 - Estaçăo Meteorológica CEPLAN
31/05/2026 11:00;17,42;16;18,9;0;4,07;20,2;SO;236;76,45;74547,82;588;5,16;13,19;924,9;;;;;-26,24743;-49,3474;1814 - Estaçăo Meteorológica CEPLAN
31/05/2026 12:00;20,09;19,3;20,7;0;4,39;16,1;SO;232;64,38;74765,76;590;5,19;13,14;923,97;;;;;-26,24736;-49,34739;1814 - Estaçăo Meteorológica CEPLAN
31/05/2026 13:00;21,2;20,4;21,8;0;4,9;16,1;SE;116;58,57;74963,97;592;5,21;12,74;922,93;;;;;-26,2476;-49,34752;1814 - Estaçăo Meteorológica CEPLAN
31/05/2026 14:00;20,67;19,4;21,9;0;3,4;28,2;S;175;62,44;37794,68;298;1,96;13,19;922,18;;;;;-26,24754;-49,34749;1814 - Estaçăo Meteorológica CEPLAN
31/05/2026 15:00;19,26;17,3;20,5;0;2,24;60,5;SE;149;66,22;17294;136;0,48;12,79;922,14;;;;;-26,24752;-49,34761;1814 - Estaçăo Meteorológica CEPLAN
31/05/2026 16:00;17,58;17;18,1;0;4,12;16,1;S;182;78,56;8141,9;64;0;13,79;922,23;;;;;-26,24755;-49,34746;1814 - Estaçăo Meteorológica CEPLAN
31/05/2026 17:00;16,01;15,2;16,9;0;1,12;12,1;SE;141;86,33;963,59;7;0;13,72;922,67;;;;;-26,24733;-49,34744;1814 - Estaçăo Meteorológica CEPLAN
31/05/2026 18:00;14,48;13,9;15,1;0;0,66;4;SE;145;92,25;0,12;0;0;13,21;923,06;;;;;-26,24738;-49,34731;1814 - Estaçăo Meteorológica CEPLAN
31/05/2026 19:00;13,22;12,9;13,8;0;0,33;4;SE;149;94,64;0;0;0;12,38;923,5;;;;;-26,24754;-49,3476;1814 - Estaçăo Meteorológica CEPLAN
31/05/2026 20:00;12,16;11,5;12,9;0;0,56;4;SE;150;95,5;0;0;0;11,47;924,08;;;;;-26,24721;-49,34716;1814 - Estaçăo Meteorológica CEPLAN
31/05/2026 21:00;11,15;11;11,5;0;0,4;4;SE;149;96,5;0;0;0;10,6;924,39;;;;;-26,24721;-49,34716;1814 - Estaçăo Meteorológica CEPLAN
31/05/2026 22:00;10,54;10,3;10,9;0;0,4;4;SE;150;96,62;0;0;0;10;924,52;;;;;-26,24766;-49,34749;1814 - Estaçăo Meteorológica CEPLAN
31/05/2026 23:00;9,99;9,8;10,2;0;0,46;4;SE;149;97;0;0;0;9,49;924,71;;;;;-26,24766;-49,34749;1814 - Estaçăo Meteorológica CEPLAN
01/06/2026 00:00;9,87;9,6;10,1;0;0,36;4;SE;149;97;0;0;0;9,37;924,58;;;;;-26,24749;-49,34741;1814 - Estaçăo Meteorológica CEPLAN
01/06/2026 01:00;9,52;9,3;9,7;0;0,65;4;SE;149;97;0;0;0;9,02;924,28;;;;;-26,24762;-49,34763;1814 - Estaçăo Meteorológica CEPLAN
01/06/2026 02:00;9,65;9,3;9,8;0;0,22;4;SE;149;97,09;0;0;0;9,16;923,91;;;;;-26,24731;-49,34721;1814 - Estaçăo Meteorológica CEPLAN
01/06/2026 03:00;10,12;9,9;10,4;0;0,37;4;SE;149;97;0;0;0;9,62;923,46;;;;;-26,24731;-49,34721;1814 - Estaçăo Meteorológica CEPLAN
01/06/2026 04:00;10,48;10,4;10,6;0;0,33;4;SE;150;97;0;0;0;9,98;923,15;;;;;-26,24731;-49,34721;1814 - Estaçăo Meteorológica CEPLAN
01/06/2026 05:00;10,66;10,5;10,8;0;0,47;4;SE;153;96,83;0;0;0;10,14;923,2;;;;;-26,24756;-49,3475;1814 - Estaçăo Meteorológica CEPLAN
01/06/2026 06:00;10,65;10,6;10,7;0;0,3;4;SE;153;96,88;16,25;0;0;10,14;923,79;;;;;-26,2475;-49,34726;1814 - Estaçăo Meteorológica CEPLAN
01/06/2026 07:00;10,63;8,9;11;0;1,25;4;SE;153;96,8;2961,01;23;0;10,11;924,42;;;;;-26,2476;-49,34728;1814 - Estaçăo Meteorológica CEPLAN
01/06/2026 08:00;12,22;11;13,2;0;1,06;12,1;SE;133;93,5;11592,11;91;0,04;11,21;925;;;;;-26,24749;-49,34749;1814 - Estaçăo Meteorológica CEPLAN
01/06/2026 09:00;13,5;13;14,1;0;1,86;16,1;SE;154;90,7;17757,48;140;0,22;11,99;925,75;;;;;-26,24747;-49,3474;1814 - Estaçăo Meteorológica CEPLAN
01/06/2026 10:00;14,93;14,1;15,9;0;2,6;16,1;S;182;83,11;42544,81;336;2,36;12,09;925,73;;;;;-26,24767;-49,34749;1814 - Estaçăo Meteorológica CEPLAN
01/06/2026 11:00;16,64;14,2;18,4;0;4,24;44,4;S;180;75,5;54619,79;431;3,73;12,28;925,41;;;;;-26,24767;-49,34749;1814 - Estaçăo Meteorológica CEPLAN
01/06/2026 12:00;17,81;16,8;18,7;0;3,75;36,3;S;168;69,7;57489,77;454;3,89;12,16;924,7;;;;;-26,2475;-49,34737;1814 - Estaçăo Meteorológica CEPLAN
01/06/2026 13:00;18,53;17,5;19,8;0;4,44;24,2;S;172;67,2;51074,63;403;3,11;12,24;923,71;;;;;-26,24755;-49,34674;1814 - Estaçăo Meteorológica CEPLAN
01/06/2026 14:00;17,24;16,8;17,5;0;3,14;24,2;SE;135;77,4;31142,29;246;1,36;13,22;923,71;;;;;-26,24748;-49,34741;1814 - Estaçăo Meteorológica CEPLAN
01/06/2026 15:00;17,16;16,1;18;0;3,69;20,2;S;178;77,57;26373,64;208;0,99;13,17;923,48;;;;;-26,24763;-49,34727;1814 - Estaçăo Meteorológica CEPLAN
01/06/2026 16:00;15,67;15,3;15,9;0;2,78;24,2;SE;120;82,89;8441,01;66;0,29;12,76;923,64;;;;;-26,24738;-49,34709;1814 - Estaçăo Meteorológica CEPLAN
01/06/2026 17:00;14,91;14,6;15,4;0;1,94;28,2;L;101;87,6;1179,1;9;0,08;12,85;924,28;;;;;-26,24747;-49,34727;1814 - Estaçăo Meteorológica CEPLAN
01/06/2026 18:00;14,16;14;14,4;0;0,67;8,1;L;85;91;0;0;0;12,73;924,74;;;;;-26,24728;-49,34737;1814 - Estaçăo Meteorológica CEPLAN
01/06/2026 19:00;13,59;13,5;13,9;0;0,55;8,1;NE;66;91,12;0;0;0;12,2;925,29;;;;;-26,24756;-49,3473;1814 - Estaçăo Meteorológica CEPLAN
01/06/2026 20:00;13,68;13,6;13,7;0;0,97;16,1;L;76;90,7;0;0;0;12,22;925,93;;;;;-26,24759;-49,34767;1814 - Estaçăo Meteorológica CEPLAN
01/06/2026 21:00;13,25;13,1;13,5;0;1,65;16,1;NE;49;89,7;0;0;0;11,59;926,12;;;;;-26,24729;-49,34738;1814 - Estaçăo Meteorológica CEPLAN
01/06/2026 22:00;11,47;4;13;0,3;10,15;12,1;L;73;86,36;0;0;2,59;9,25;926,34;;;;;-26,24758;-49,34734;1814 - Estaçăo Meteorológica CEPLAN
01/06/2026 23:00;12,72;12,5;13;0;2,5;20,2;L;83;93,1;0;0;0;11,64;926,75;;;;;-26,24764;-49,34751;1814 - Estaçăo Meteorológica CEPLAN
02/06/2026 00:00;12,07;12;12,3;0;2,6;20,2;L;76;95,56;0;0;0;11,39;926,92;;;;;-26,24751;-49,34747;1814 - Estaçăo Meteorológica CEPLAN
02/06/2026 01:00;12,12;12,1;12,2;0;1,06;12,1;L;81;94,25;0;0;0;11,25;926,84;;;;;-26,24745;-49,34738;1814 - Estaçăo Meteorológica CEPLAN
02/06/2026 02:00;12,01;11,9;12,1;0;1,58;44,4;NE;52;92,09;0;0;0;10,76;926,38;;;;;-26,24756;-49,34717;1814 - Estaçăo Meteorológica CEPLAN
02/06/2026 03:00;11,55;11,2;11,8;0;0,69;16,1;L;87;91,18;0;0;0;10,15;926,27;;;;;-26,2475;-49,3474;1814 - Estaçăo Meteorológica CEPLAN
02/06/2026 04:00;10,55;9,5;11;0;1,05;4;L;112;94,1;0;0;0;9,63;926,38;;;;;-26,25441;-49,34996;1814 - Estaçăo Meteorológica CEPLAN
02/06/2026 05:00;11,08;10,8;11,2;0;0,33;8,1;SE;116;94,08;0;0;0;10,18;926,51;;;;;-26,24752;-49,34753;1814 - Estaçăo Meteorológica CEPLAN
02/06/2026 06:00;11,28;11,2;11,3;0;0,36;4;SE;116;92,67;36,88;0;0;10,12;926,9;;;;;-26,24732;-49,34752;1814 - Estaçăo Meteorológica CEPLAN
02/06/2026 07:00;11,48;11,2;11,8;0;1,09;12,1;SO;234;90,4;1604,07;12;0;9,96;927,62;;;;;-26,24762;-49,34756;1814 - Estaçăo Meteorológica CEPLAN
02/06/2026 08:00;12,01;9,9;12,5;0;0,93;12,1;N;345;85,2;10280,87;81;0,09;9,58;928,11;;;;;-26,24743;-49,34742;1814 - Estaçăo Meteorológica CEPLAN
02/06/2026 09:00;12,88;12,5;13,2;0;0,45;12,1;SE;137;81,12;18409,89;145;0,26;9,7;928,59;;;;;-26,24736;-49,3474;1814 - Estaçăo Meteorológica CEPLAN
02/06/2026 10:00;13,3;13,2;13,5;0;5,52;24,2;NE;56;78,5;26857,98;212;0,97;9,63;928,88;;;;;-26,24767;-49,34744;1814 - Estaçăo Meteorológica CEPLAN
02/06/2026 11:00;14,56;13,5;15;0;3,38;16,1;O;264;71,62;38449,1;303;2,02;9,51;928,7;;;;;-26,24767;-49,34744;1814 - Estaçăo Meteorológica CEPLAN
02/06/2026 12:00;15,41;15;15,8;0;2,77;12,1;SE;152;69;41489,89;327;2,31;9,75;928,18;;;;;-26,2476;-49,34723;1814 - Estaçăo Meteorológica CEPLAN
02/06/2026 13:00;14,71;12,5;16;0;3,27;76,6;SE;149;75,44;31983,19;252;1,6;10,38;927,61;;;;;-26,24747;-49,34729;1814 - Estaçăo Meteorológica CEPLAN
02/06/2026 14:00;14,59;14,2;15;0;3,11;24,2;SE;133;80,8;23511,43;185;0,69;11,35;927,32;;;;;-26,24753;-49,34753;1814 - Estaçăo Meteorológica CEPLAN
02/06/2026 15:00;13,81;13,7;14;0;2,42;16,1;S;173;81,57;11933,9;94;0;10,73;927,26;;;;;-26,24749;-49,34741;1814 - Estaçăo Meteorológica CEPLAN
02/06/2026 16:00;13,69;13,5;13,8;0;2,59;12,1;SE;144;81,71;8580,14;67;0;10,63;927,16;;;;;-26,24757;-49,34742;1814 - Estaçăo Meteorológica CEPLAN
02/06/2026 17:00;12,87;12;13,5;0;1,86;16,1;SE;115;87,6;1647,27;13;0;10,85;927,72;;;;;-26,24743;-49,347;1814 - Estaçăo Meteorológica CEPLAN
02/06/2026 18:00;11,67;9;12;0;1,54;28,2;S;163;91,91;0,14;0;0,22;10,38;928,32;;;;;-26,24754;-49,34727;1814 - Estaçăo Meteorológica CEPLAN
02/06/2026 19:00;12,06;11,8;12,1;0;1,61;28,2;SE;149;93,56;0;0;0,08;11,08;928,78;;;;;-26,24756;-49,34742;1814 - Estaçăo Meteorológica CEPLAN
02/06/2026 20:00;11,39;11,2;11,6;0;1,21;4;L;79;94,22;0;0;0;10,51;928,83;;;;;-26,24732;-49,34751;1814 - Estaçăo Meteorológica CEPLAN
02/06/2026 21:00;11,07;10,5;11,4;0;0,85;4;S;166;94,11;0;0;0;10,17;929,3;;;;;-26,24752;-49,34786;1814 - Estaçăo Meteorológica CEPLAN
02/06/2026 22:00;9,71;9;10,5;0;1,85;8,1;S;176;95,33;0;0;0;8,98;929,52;;;;;-26,24752;-49,34786;1814 - Estaçăo Meteorológica CEPLAN
02/06/2026 23:00;8,64;8,2;9,1;0;0,48;4;S;175;96,5;0;0;0;8,14;929,89;;;;;-26,24744;-49,34739;1814 - Estaçăo Meteorológica CEPLAN
03/06/2026 00:00;9,16;8,7;9,5;0;0,57;4;S;175;97;0;0;0;8,68;929,69;;;;;-26,24744;-49,34739;1814 - Estaçăo Meteorológica CEPLAN
03/06/2026 01:00;9,42;9,3;9,5;0;1,04;12,1;O;259;97,83;0;0;0;9,08;929,52;;;;;-26,24727;-49,34725;1814 - Estaçăo Meteorológica CEPLAN
03/06/2026 02:00;9,18;8,9;9,4;0;0,81;8,1;NO;332;98;0;0;0;8,88;929,22;;;;;-26,24752;-49,34729;1814 - Estaçăo Meteorológica CEPLAN
03/06/2026 03:00;8,68;8,5;9;0;0,4;4;O;261;98;0;0;0;8,38;929,26;;;;;-26,24755;-49,3474;1814 - Estaçăo Meteorológica CEPLAN
03/06/2026 04:00;8,57;8,4;8,7;0;0,32;4;O;249;98;0;0;0;8,27;928,91;;;;;-26,24741;-49,34724;1814 - Estaçăo Meteorológica CEPLAN
03/06/2026 05:00;8,17;8;8,4;0;0,48;4;O;266;98;0;0;0;7,87;928,88;;;;;-26,2476;-49,34707;1814 - Estaçăo Meteorológica CEPLAN
03/06/2026 06:00;7,49;6,9;8;0;0,33;8,1;O;285;98;58,85;0;0;7,19;929,31;;;;;-26,24738;-49,34738;1814 - Estaçăo Meteorológica CEPLAN
03/06/2026 07:00;7,06;6,9;7,4;0;2,07;8,1;S;181;98,62;3376,84;26;0;6,89;929,88;;;;;-26,2475;-49,34754;1814 - Estaçăo Meteorológica CEPLAN
03/06/2026 08:00;7,89;7,5;8,2;0;2,11;12,1;NO;313;98,33;11675,06;92;0;7,66;930,19;;;;;-26,24784;-49,34753;1814 - Estaçăo Meteorológica CEPLAN
03/06/2026 09:00;9,66;8,8;11,2;0;3,51;16,1;O;291;98,7;26712,12;211;0,97;9,48;930,7;;;;;-26,24751;-49,34733;1814 - Estaçăo Meteorológica CEPLAN
03/06/2026 10:00;11,57;10,9;12,7;0;4,64;20,2;O;265;95,6;32344,17;255;1,48;10,88;930,72;;;;;-26,24748;-49,34725;1814 - Estaçăo Meteorológica CEPLAN
03/06/2026 11:00;13,77;12,6;14,6;0;1,97;12,1;O;268;85,25;27052,52;213;1,02;11,34;930,5;;;;;-26,24758;-49,34741;1814 - Estaçăo Meteorológica CEPLAN
03/06/2026 12:00;15,31;14,4;15,8;0;2,19;28,2;NE;67;77,11;25075,58;198;0,81;11,33;929,78;;;;;-26,24763;-49,34753;1814 - Estaçăo Meteorológica CEPLAN
03/06/2026 13:00;15,99;14,3;16,6;0;5,73;52,4;NE;47;67,6;35292,11;278;1,86;9,99;928,95;;;;;-26,24762;-49,34743;1814 - Estaçăo Meteorológica CEPLAN
03/06/2026 14:00;16,09;15,3;16,4;0;3,85;16,1;SE;124;71,78;23733,58;187;0,7;10,97;928,77;;;;;-26,24741;-49,34738;1814 - Estaçăo Meteorológica CEPLAN
03/06/2026 15:00;14,8;14,2;15,5;0;7,21;28,2;S;166;82,88;14552,77;114;0,1;11,92;928,65;;;;;-26,24741;-49,34738;1814 - Estaçăo Meteorológica CEPLAN
03/06/2026 16:00;13,87;13,5;14,2;0;1,71;20,2;L;104;88;5607,2;44;0;11,9;929,14;;;;;-26,24752;-49,3474;1814 - Estaçăo Meteorológica CEPLAN
03/06/2026 17:00;13,38;13,2;13,5;0;1,41;8,1;S;165;91,25;615,29;4;0;11,99;929,55;;;;;-26,24897;-49,34962;1814 - Estaçăo Meteorológica CEPLAN
03/06/2026 18:00;12,79;12,1;13,4;0,3;0,69;12,1;S;176;92,86;0,24;0;0,11;11,66;929,72;;;;;-26,2477;-49,3484;1814 - Estaçăo Meteorológica CEPLAN
03/06/2026 19:00;12,08;12;12,1;0;0,4;4;S;182;95,2;0;0;0;11,32;930,16;;;;;-26,24769;-49,34745;1814 - Estaçăo Meteorológica CEPLAN
03/06/2026 20:00;11,52;11,2;11,7;0;2,42;12,1;S;193;96;0;0;0;10,92;930,6;;;;;-26,24734;-49,34746;1814 - Estaçăo Meteorológica CEPLAN
03/06/2026 21:00;10,77;10,6;11;0;2,53;16,1;S;177;96;0;0;0;10,17;930,77;;;;;-26,24752;-49,34725;1814 - Estaçăo Meteorológica CEPLAN
03/06/2026 22:00;11,12;10,3;11,7;0;1,61;4;SE;127;95;0;0;0;10,35;931,27;;;;;-26,24752;-49,34725;1814 - Estaçăo Meteorológica CEPLAN
03/06/2026 23:00;12,16;11,8;12,5;0;1,38;12,1;L;109;94;0;0;0;11,24;931,25;;;;;-26,2475;-49,34746;1814 - Estaçăo Meteorológica CEPLAN
04/06/2026 00:00;12,6;12,5;12,8;0;2,14;12,1;L;87;92,9;0;0;0;11,48;931,33;;;;;-26,24773;-49,34755;1814 - Estaçăo Meteorológica CEPLAN
04/06/2026 01:00;12,4;11,1;12,7;0;0,87;8,1;L;102;92;0;0;0,13;11,13;931,41;;;;;-26,24742;-49,34738;1814 - Estaçăo Meteorológica CEPLAN
04/06/2026 02:00;12,35;11,9;12,7;0;1,21;4;S;166;94,25;0;0;0;11,46;930,78;;;;;-26,24733;-49,34734;1814 - Estaçăo Meteorológica CEPLAN
04/06/2026 03:00;12,08;11,8;12,3;0;0,6;8,1;S;163;96,33;0;0;0;11,52;930,49;;;;;-26,24744;-49,34739;1814 - Estaçăo Meteorológica CEPLAN
04/06/2026 04:00;12,3;12,3;12,3;0;1,37;8,1;SE;156;97;0;0;0;11,8;930,45;;;;;-26,24748;-49,34727;1814 - Estaçăo Meteorológica CEPLAN
04/06/2026 05:00;12,15;12,1;12,2;0;2,42;4;S;176;97,5;0;0;0;11,75;930,42;;;;;-26,24748;-49,34727;1814 - Estaçăo Meteorológica CEPLAN
04/06/2026 06:00;12,56;12,1;12,8;0;1,3;12,1;SE;147;97,78;56,17;0;0;12,21;930,82;;;;;-26,2474;-49,34743;1814 - Estaçăo Meteorológica CEPLAN
04/06/2026 07:00;12,98;12,8;13,2;0,6;0,8;8,1;S;202;97,5;2613,08;20;0;12,58;931,38;;;;;-26,24742;-49,34741;1814 - Estaçăo Meteorológica CEPLAN
04/06/2026 08:00;13,93;13,2;14,4;0;0,92;12,1;SE;129;95,73;11668,95;92;0,02;13,24;931,61;;;;;-26,24739;-49,34745;1814 - Estaçăo Meteorológica CEPLAN
04/06/2026 09:00;15,3;15,2;15,4;0;5,64;16,1;NE;42;90;20025,03;158;0,4;13,7;932,07;;;;;-26,24757;-49,34746;1814 - Estaçăo Meteorológica CEPLAN
04/06/2026 10:00;15,88;15,6;16,2;0;10,4;36,3;L;68;87,6;28754;227;1,16;13,82;932,07;;;;;-26,24749;-49,34728;1814 - Estaçăo Meteorológica CEPLAN
04/06/2026 11:00;16,39;16,1;16,8;0;8,92;48,4;NE;57;83,12;39504,64;312;2,1;13,51;932,02;;;;;-26,24754;-49,34739;1814 - Estaçăo Meteorológica CEPLAN
04/06/2026 12:00;16,6;16,5;16,8;0;9,68;32,3;SE;129;83,25;37509,7;296;1,95;13,75;931,46;;;;;-26,24743;-49,34746;1814 - Estaçăo Meteorológica CEPLAN
04/06/2026 13:00;17,36;17,3;17,6;0;7,9;28,2;NE;44;79,8;27528,76;217;1,06;13,82;930,77;;;;;-26,24739;-49,34693;1814 - Estaçăo Meteorológica CEPLAN
04/06/2026 14:00;17,78;17,5;18,1;0;3,09;20,2;L;74;80,33;28107,82;222;1,08;14,35;930,05;;;;;-26,24745;-49,34735;1814 - Estaçăo Meteorológica CEPLAN
04/06/2026 15:00;17,18;16,6;18,2;0;5,73;40,3;NE;51;81,5;20385,75;161;0,43;13,98;929,92;;;;;-26,24745;-49,34736;1814 - Estaçăo Meteorológica CEPLAN
04/06/2026 16:00;16,36;16;16,6;0;5,3;20,2;NE;57;83,86;8795,09;69;0;13,63;929,96;;;;;-26,24749;-49,34743;1814 - Estaçăo Meteorológica CEPLAN
04/06/2026 17:00;15,59;15,3;15,9;0;3,8;28,2;NE;54;87,43;1518,8;11;0;13,47;930,09;;;;;-26,24777;-49,34806;1814 - Estaçăo Meteorológica CEPLAN
04/06/2026 18:00;15,04;14,9;15,4;0;3,06;20,2;SE;132;88,8;0;0;0;13,2;930,24;;;;;-26,24753;-49,34752;1814 - Estaçăo Meteorológica CEPLAN
04/06/2026 19:00;14,76;14,6;14,9;0;2,74;24,2;SE;146;90,2;0;0;0;13,18;930,38;;;;;-26,24762;-49,34756;1814 - Estaçăo Meteorológica CEPLAN
04/06/2026 20:00;14,3;14,2;14,5;0;2,02;16,1;SE;121;94;0;0;0,13;13,33;930,89;;;;;-26,24739;-49,34745;1814 - Estaçăo Meteorológica CEPLAN
04/06/2026 21:00;14,31;14,2;14,5;0;4,44;20,2;L;97;93,14;0;0;0;13,23;930,8;;;;;-26,24762;-49,34751;1814 - Estaçăo Meteorológica CEPLAN
04/06/2026 22:00;14,02;13,8;14,2;0;4,59;16,1;SE;118;93;0;0;0;12,9;930,76;;;;;-26,24762;-49,34751;1814 - Estaçăo Meteorológica CEPLAN
04/06/2026 23:00;13,77;13,6;13,8;0,9;2,57;16,1;NE;63;93,88;0;0;0;12,84;930,67;;;;;-26,24756;-49,34751;1814 - Estaçăo Meteorológica CEPLAN
05/06/2026 00:00;13,54;13,5;13,6;0,9;3;12,1;L;88;95;0;0;0;12,74;930,3;;;;;-26,2477;-49,34755;1814 - Estaçăo Meteorológica CEPLAN
05/06/2026 01:00;13,44;13,4;13,5;0,3;1,67;12,1;L;78;95,29;0;0;0;12,7;930,09;;;;;-26,24742;-49,34743;1814 - Estaçăo Meteorológica CEPLAN
05/06/2026 02:00;13,26;13,2;13,3;1,5;1,05;8,1;SE;120;95,6;0;0;0;12,58;929,65;;;;;-26,24752;-49,34736;1814 - Estaçăo Meteorológica CEPLAN
05/06/2026 03:00;13,17;13,1;13,2;0,9;2,55;20,2;L;98;94,89;0;0;0;12,38;929,25;;;;;-26,24767;-49,34755;1814 - Estaçăo Meteorológica CEPLAN
05/06/2026 04:00;12,85;12,5;13,1;0;0,3;8,1;NE;59;94,75;0;0;0;12,02;928,78;;;;;-26,24742;-49,34738;1814 - Estaçăo Meteorológica CEPLAN
05/06/2026 05:00;11,4;10,8;12,1;0,3;1,29;4;SE;122;95,8;0;0;0;10,74;928,75;;;;;-26,24751;-49,34725;1814 - Estaçăo Meteorológica CEPLAN
05/06/2026 06:00;10,84;10,6;11;0;0,4;4;SE;127;97,71;70,77;0;0;10,49;929,52;;;;;-26,24769;-49,34756;1814 - Estaçăo Meteorológica CEPLAN
05/06/2026 07:00;11,73;10,9;13,2;0;0,66;4;L;106;97;4309,38;34;0;11,26;929,69;;;;;-26,24741;-49,34743;1814 - Estaçăo Meteorológica CEPLAN
05/06/2026 08:00;13,4;13,1;13,9;0;2,52;8,1;SE;146;90,25;11521,75;91;0,12;11,82;930;;;;;-26,24748;-49,34732;1814 - Estaçăo Meteorológica CEPLAN
05/06/2026 09:00;14,26;14,1;14,6;0;0,64;8,1;S;197;85,8;21249,36;167;0,48;11,88;930,31;;;;;-26,24746;-49,34733;1814 - Estaçăo Meteorológica CEPLAN
05/06/2026 10:00;14,93;14,7;15;0;7,62;116,9;L;89;78,44;25676,13;202;1,03;11,22;930,04;;;;;-26,24731;-49,34722;1814 - Estaçăo Meteorológica CEPLAN
05/06/2026 11:00;15,37;15,1;15,7;0;5,65;24,2;NE;30;74,71;26327,3;207;0,91;10,91;929,53;;;;;-26,24757;-49,34725;1814 - Estaçăo Meteorológica CEPLAN
05/06/2026 12:00;16,22;16;16,4;0;9,42;40,3;S;184;71;30548,09;241;1,3;10,95;928,83;;;;;-26,24742;-49,34741;1814 - Estaçăo Meteorológica CEPLAN
05/06/2026 13:00;16,37;16,3;16,5;0;5,91;28,2;SO;233;70;21199,47;167;0,47;10,87;928,42;;;;;-26,24756;-49,34753;1814 - Estaçăo Meteorológica CEPLAN
05/06/2026 14:00;16,44;16,3;16,7;0;2,24;12,1;SO;238;71,44;17629,1;139;0,23;11,23;927,96;;;;;-26,24759;-49,34735;1814 - Estaçăo Meteorológica CEPLAN
05/06/2026 15:00;17,2;16,8;17,5;0;3,49;12,1;O;252;67,83;22398,33;176;0,62;11,18;927,42;;;;;-26,24725;-49,34724;1814 - Estaçăo Meteorológica CEPLAN
05/06/2026 16:00;17,03;16,5;17,6;0;1,9;16,1;S;191;68,57;10581,24;83;0,07;11,19;926,85;;;;;-26,24748;-49,34724;1814 - Estaçăo Meteorológica CEPLAN
05/06/2026 17:00;14,46;13,4;15,8;0;0,8;8,1;SE;155;84,57;770,14;6;0;11,84;926,83;;;;;-26,24746;-49,34726;1814 - Estaçăo Meteorológica CEPLAN
05/06/2026 18:00;12,12;11,9;12,5;0;0,6;4;SE;117;94;0;0;0;11,2;927,01;;;;;-26,24705;-49,34729;1814 - Estaçăo Meteorológica CEPLAN
05/06/2026 19:00;11,83;11,6;11,9;0;0,46;4;S;163;96,86;0;0;0;11,31;927,14;;;;;-26,24752;-49,34762;1814 - Estaçăo Meteorológica CEPLAN
05/06/2026 20:00;11,45;11,3;11,6;0;0,7;4;S;178;97;0;0;0;10,95;927,28;;;;;-26,24736;-49,34748;1814 - Estaçăo Meteorológica CEPLAN
05/06/2026 22:00;9,9;9,9;9,9;0;2,82;4;S;177;98;0;0;0;9,6;927,05;;;;;-26,24736;-49,34748;1814 - Estaçăo Meteorológica CEPLAN
05/06/2026 23:00;10,5;9,9;10,7;0;3,63;12,1;NO;307;98;0;0;0;10,2;926,72;;;;;-26,2476;-49,34713;1814 - Estaçăo Meteorológica CEPLAN
06/06/2026 00:00;10,48;10,4;10,5;0;0,6;12,1;NO;318;98;0;0;0;10,18;925,96;;;;;-26,2476;-49,34713;1814 - Estaçăo Meteorológica CEPLAN
06/06/2026 01:00;10,4;10,3;10,5;0;4,84;12,1;NO;327;98;0;0;0;10,1;925,47;;;;;-26,2476;-49,34713;1814 - Estaçăo Meteorológica CEPLAN
06/06/2026 02:00;10,21;10,1;10,3;0;3,76;16,1;NO;298;98;0;0;0;9,91;924,56;;;;;-26,24753;-49,3475;1814 - Estaçăo Meteorológica CEPLAN
06/06/2026 03:00;10,11;10;10,4;0;3,12;16,1;O;261;98,62;0;0;0;9,87;924,13;;;;;-26,24736;-49,34738;1814 - Estaçăo Meteorológica CEPLAN
06/06/2026 04:00;9,88;9,8;10;0;4,15;16,1;NO;312;99;0;0;0;9,73;923,74;;;;;-26,24753;-49,34713;1814 - Estaçăo Meteorológica CEPLAN
06/06/2026 05:00;9,78;9,7;9,9;0;2,15;12,1;SO;216;99;0;0;0;9,67;924;;;;;-26,2496;-49,35143;1814 - Estaçăo Meteorológica CEPLAN
06/06/2026 06:00;9,34;9,1;9,6;0;2,47;20,2;O;266;99;13,12;0;0;9,24;924,55;;;;;-26,24751;-49,34751;1814 - Estaçăo Meteorológica CEPLAN
06/06/2026 07:00;9,02;8,9;9,2;0;3,88;20,2;NO;323;99;2191,19;17;0;8,92;925,06;;;;;-26,24763;-49,34718;1814 - Estaçăo Meteorológica CEPLAN
06/06/2026 08:00;9,58;9,2;9,8;0;2,17;8,1;SO;246;99;10754,34;84;0,04;9,48;925,25;;;;;-26,24742;-49,34722;1814 - Estaçăo Meteorológica CEPLAN
06/06/2026 09:00;9,86;7,5;10,7;0;6,25;20,2;O;269;99;21959,42;173;0,54;9,68;925,2;;;;;-26,24762;-49,34748;1814 - Estaçăo Meteorológica CEPLAN
06/06/2026 10:00;11,47;10,6;12,2;0;3,02;24,2;S;177;98,33;37257,67;294;1,9;11,18;924,74;;;;;-26,24736;-49,3474;1814 - Estaçăo Meteorológica CEPLAN
06/06/2026 11:00;14,37;12,9;16,2;0;6,97;24,2;SE;131;85,86;69461,99;548;4,73;12,01;923,93;;;;;-26,24754;-49,34744;1814 - Estaçăo Meteorológica CEPLAN
06/06/2026 12:00;18,1;16,3;19,2;0;7,3;84,7;SO;230;70,44;73156,92;577;5,48;12,61;922,54;;;;;-26,24734;-49,34736;1814 - Estaçăo Meteorológica CEPLAN
06/06/2026 13:00;19,79;19,6;20,2;0;4,03;24,2;S;189;64,14;60026,63;474;3,9;12,81;921,43;;;;;-26,24763;-49,34746;1814 - Estaçăo Meteorológica CEPLAN
06/06/2026 14:00;20,36;20;20,8;0;3;28,2;SO;216;59,11;50244;396;3,02;12,1;920,88;;;;;-26,24723;-49,34749;1814 - Estaçăo Meteorológica CEPLAN
06/06/2026 15:00;19,97;19,8;20,2;0;5,53;28,2;O;249;58,57;27926,86;220;1,07;11,59;920,84;;;;;-26,24742;-49,34735;1814 - Estaçăo Meteorológica CEPLAN
06/06/2026 16:00;19,22;18,3;20,1;0;4,03;28,2;O;254;59,83;8612,25;68;0,2;11,22;920,68;;;;;-26,24779;-49,34765;1814 - Estaçăo Meteorológica CEPLAN
06/06/2026 17:00;15,36;13,6;17,5;0;0,63;4;NO;309;79,29;762,96;6;0;11,73;921,14;;;;;-26,24753;-49,34724;1814 - Estaçăo Meteorológica CEPLAN
06/06/2026 20:00;9,97;9,8;10,2;0;0,4;0;NO;309;95;0;0;0;9,17;922,43;;;;;-26,24744;-49,34743;1814 - Estaçăo Meteorológica CEPLAN
06/06/2026 21:00;9,1;9,1;9,1;0;0;0;NO;309;96;0;0;0;8,5;922,87;;;;;-26,24744;-49,34743;1814 - Estaçăo Meteorológica CEPLAN
06/06/2026 22:00;8,76;8,5;9;0;0,32;0;NO;309;96;0;0;0;8,16;922,83;;;;;-26,24755;-49,34726;1814 - Estaçăo Meteorológica CEPLAN
06/06/2026 23:00;8,3;8,3;8,3;0;1,21;0;NO;309;97;0;0;0;7,9;922,68;;;;;-26,24755;-49,34726;1814 - Estaçăo Meteorológica CEPLAN
